{"cameraMode":{"drawMode":0,"name":"Shaded","section":"Shading Mode"},"sceneLighting":false,"audioPlay":false,"sceneViewState":{"m_AlwaysRefresh":false,"showFog":true,"showSkybox":false,"showFlares":true,"showImageEffects":true,"showParticleSystems":true,"showVisualEffectGraphs":true,"m_FxEnabled":true},"in2DMode":false,"pivot":{"x":-0.04999995231628418,"y":0.6499999761581421,"z":-0.04999995231628418},"rotation":{"x":-0.21636679768562318,"y":-0.6388627290725708,"z":0.19405889511108399,"w":-0.7123126983642578},"size":1.722643256187439,"orthographic":true}