{"cameraMode":{"drawMode":0,"name":"Shaded","section":"Shading Mode"},"sceneLighting":false,"audioPlay":false,"sceneViewState":{"m_AlwaysRefresh":false,"showFog":true,"showSkybox":false,"showFlares":true,"showImageEffects":true,"showParticleSystems":true,"showVisualEffectGraphs":true,"m_FxEnabled":true},"in2DMode":false,"pivot":{"x":-0.04999995231628418,"y":0.6499999761581421,"z":-0.04999995231628418},"rotation":{"x":-0.000748861173633486,"y":-0.7829552292823792,"z":0.6220824718475342,"w":-0.000942516140639782},"size":1.722643256187439,"orthographic":true}