{"cameraMode":{"drawMode":0,"name":"Shaded","section":"Shading Mode"},"sceneLighting":false,"audioPlay":false,"sceneViewState":{"m_AlwaysRefresh":false,"showFog":true,"showSkybox":false,"showFlares":true,"showImageEffects":true,"showParticleSystems":true,"showVisualEffectGraphs":true,"m_FxEnabled":true},"in2DMode":false,"pivot":{"x":-0.04999995231628418,"y":0.3499999940395355,"z":-0.050000011920928958},"rotation":{"x":0.18041136860847474,"y":-0.03186056390404701,"z":0.005847661290317774,"w":0.9830624461174011},"size":0.8170067071914673,"orthographic":false}