{"cameraMode":{"drawMode":0,"name":"Shaded","section":"Shading Mode"},"sceneLighting":false,"audioPlay":false,"sceneViewState":{"m_AlwaysRefresh":false,"showFog":true,"showSkybox":false,"showFlares":true,"showImageEffects":true,"showParticleSystems":true,"showVisualEffectGraphs":true,"m_FxEnabled":true},"in2DMode":false,"pivot":{"x":0.2688404619693756,"y":1.1241345405578614,"z":-0.43711209297180178},"rotation":{"x":0.11375347524881363,"y":0.00029381472268141806,"z":-0.00003340488547109999,"w":0.9935092329978943},"size":1.2906323671340943,"orthographic":true}