{"cameraMode":{"drawMode":0,"name":"Shaded","section":"Shading Mode"},"sceneLighting":false,"audioPlay":false,"sceneViewState":{"m_AlwaysRefresh":false,"showFog":true,"showSkybox":false,"showFlares":true,"showImageEffects":true,"showParticleSystems":true,"showVisualEffectGraphs":true,"m_FxEnabled":true},"in2DMode":false,"pivot":{"x":-0.050000011920928958,"y":0.10000000149011612,"z":-0.04999995231628418},"rotation":{"x":-0.02401677705347538,"y":-0.6706771850585938,"z":0.021735738962888719,"w":-0.7410473227500916},"size":1.3765900135040284,"orthographic":true}