{"cameraMode":{"drawMode":0,"name":"Shaded","section":"Shading Mode"},"sceneLighting":false,"audioPlay":false,"sceneViewState":{"m_AlwaysRefresh":false,"showFog":true,"showSkybox":false,"showFlares":true,"showImageEffects":true,"showParticleSystems":true,"showVisualEffectGraphs":true,"m_FxEnabled":true},"in2DMode":false,"pivot":{"x":-0.050000011920928958,"y":0.6000000238418579,"z":-0.050000011920928958},"rotation":{"x":-0.004274073988199234,"y":0.9951411485671997,"z":-0.05019493028521538,"w":-0.08467959612607956},"size":0.8746427893638611,"orthographic":true}