{"cameraMode":{"drawMode":0,"name":"Shaded","section":"Shading Mode"},"sceneLighting":false,"audioPlay":false,"sceneViewState":{"m_AlwaysRefresh":false,"showFog":true,"showSkybox":false,"showFlares":true,"showImageEffects":true,"showParticleSystems":true,"showVisualEffectGraphs":true,"m_FxEnabled":true},"in2DMode":false,"pivot":{"x":0.03583180904388428,"y":0.3193296194076538,"z":0.13006532192230225},"rotation":{"x":0.083421491086483,"y":-0.9091013073921204,"z":0.22102786600589753,"w":0.3431205451488495},"size":1.2196310758590699,"orthographic":false}