{"cameraMode":{"drawMode":0,"name":"Shaded","section":"Shading Mode"},"sceneLighting":false,"audioPlay":false,"sceneViewState":{"m_AlwaysRefresh":false,"showFog":true,"showSkybox":false,"showFlares":true,"showImageEffects":true,"showParticleSystems":true,"showVisualEffectGraphs":true,"m_FxEnabled":true},"in2DMode":false,"pivot":{"x":-0.49564945697784426,"y":0.15387976169586183,"z":1.090759038925171},"rotation":{"x":0.15959881246089936,"y":-0.7816838026046753,"z":0.22266295552253724,"w":0.5602938532829285},"size":1.2196310758590699,"orthographic":false}