{"cameraMode":{"drawMode":0,"name":"Shaded","section":"Shading Mode"},"sceneLighting":false,"audioPlay":false,"sceneViewState":{"m_AlwaysRefresh":false,"showFog":true,"showSkybox":false,"showFlares":true,"showImageEffects":true,"showParticleSystems":true,"showVisualEffectGraphs":true,"m_FxEnabled":true},"in2DMode":false,"pivot":{"x":-0.050000011920928958,"y":0.15000000596046449,"z":-0.04999995231628418},"rotation":{"x":0.14750947058200837,"y":-0.2815040647983551,"z":0.04384229704737663,"w":0.9471450448036194},"size":0.9313968420028687,"orthographic":false}