{"cameraMode":{"drawMode":0,"name":"Shaded","section":"Shading Mode"},"sceneLighting":false,"audioPlay":false,"sceneViewState":{"m_AlwaysRefresh":false,"showFog":true,"showSkybox":false,"showFlares":true,"showImageEffects":true,"showParticleSystems":true,"showVisualEffectGraphs":true,"m_FxEnabled":true},"in2DMode":false,"pivot":{"x":-0.04999995231628418,"y":0.8500000238418579,"z":-0.04999995231628418},"rotation":{"x":0.011941992677748204,"y":-0.932930588722229,"z":0.3585234582424164,"w":0.031074492260813714},"size":1.2519984245300294,"orthographic":true}