{"cameraMode":{"drawMode":0,"name":"Shaded","section":"Shading Mode"},"sceneLighting":false,"audioPlay":false,"sceneViewState":{"m_AlwaysRefresh":false,"showFog":true,"showSkybox":false,"showFlares":true,"showImageEffects":true,"showParticleSystems":true,"showVisualEffectGraphs":true,"m_FxEnabled":true},"in2DMode":false,"pivot":{"x":-2.5266127586364748,"y":-0.6914492249488831,"z":0.29494380950927737},"rotation":{"x":-0.0013692084467038513,"y":-0.4085819125175476,"z":-0.0006124768988229334,"w":0.9127255082130432},"size":3.6737735271453859,"orthographic":false}