{"cameraMode":{"drawMode":0,"name":"Shaded","section":"Shading Mode"},"sceneLighting":false,"audioPlay":false,"sceneViewState":{"m_AlwaysRefresh":false,"showFog":true,"showSkybox":false,"showFlares":true,"showImageEffects":true,"showParticleSystems":true,"showVisualEffectGraphs":true,"m_FxEnabled":true},"in2DMode":false,"pivot":{"x":-0.050000011920928958,"y":0.550000011920929,"z":-0.04999995231628418},"rotation":{"x":-0.09074155241250992,"y":-0.8209984302520752,"z":0.13619869947433473,"w":-0.5469777584075928},"size":1.013656735420227,"orthographic":true}