{"cameraMode":{"drawMode":0,"name":"Shaded","section":"Shading Mode"},"sceneLighting":false,"audioPlay":false,"sceneViewState":{"m_AlwaysRefresh":false,"showFog":true,"showSkybox":false,"showFlares":true,"showImageEffects":true,"showParticleSystems":true,"showVisualEffectGraphs":true,"m_FxEnabled":true},"in2DMode":false,"pivot":{"x":-0.050000011920928958,"y":0.550000011920929,"z":-0.04999995231628418},"rotation":{"x":-0.06139480322599411,"y":0.8612279891967773,"z":-0.1072525605559349,"w":-0.4929788410663605},"size":0.9630680084228516,"orthographic":true}