{"cameraMode":{"drawMode":0,"name":"Shaded","section":"Shading Mode"},"sceneLighting":true,"audioPlay":false,"sceneViewState":{"m_AlwaysRefresh":false,"showFog":true,"showSkybox":true,"showFlares":true,"showImageEffects":true,"showParticleSystems":true,"showVisualEffectGraphs":true,"m_FxEnabled":true},"in2DMode":false,"pivot":{"x":0.6666141152381897,"y":1.4531790018081666,"z":-2.251194477081299},"rotation":{"x":0.47705066204071047,"y":0.04478743299841881,"z":-0.024348212406039239,"w":0.8774012923240662},"size":12.095654487609864,"orthographic":true}