{"cameraMode":{"drawMode":0,"name":"Shaded","section":"Shading Mode"},"sceneLighting":true,"audioPlay":false,"sceneViewState":{"m_AlwaysRefresh":false,"showFog":true,"showSkybox":true,"showFlares":true,"showImageEffects":true,"showParticleSystems":true,"showVisualEffectGraphs":true,"m_FxEnabled":true},"in2DMode":false,"pivot":{"x":-0.5244420766830444,"y":0.28427088260650637,"z":0.043130576610565189},"rotation":{"x":-0.5511235594749451,"y":-0.13380727171897889,"z":0.09007710963487625,"w":-0.8186858892440796},"size":0.5660253763198853,"orthographic":false}