{"cameraMode":{"drawMode":0,"name":"Shaded","section":"Shading Mode"},"sceneLighting":false,"audioPlay":false,"sceneViewState":{"m_AlwaysRefresh":false,"showFog":true,"showSkybox":false,"showFlares":true,"showImageEffects":true,"showParticleSystems":true,"showVisualEffectGraphs":true,"m_FxEnabled":true},"in2DMode":false,"pivot":{"x":0.06042838096618652,"y":0.5779181122779846,"z":0.3652228116989136},"rotation":{"x":0.13761909306049348,"y":-0.4738387167453766,"z":0.07525341957807541,"w":0.8665357232093811},"size":1.0173494815826417,"orthographic":false}