{"cameraMode":{"drawMode":0,"name":"Shaded","section":"Shading Mode"},"sceneLighting":false,"audioPlay":false,"sceneViewState":{"m_AlwaysRefresh":false,"showFog":true,"showSkybox":false,"showFlares":true,"showImageEffects":true,"showParticleSystems":true,"showVisualEffectGraphs":true,"m_FxEnabled":true},"in2DMode":false,"pivot":{"x":-0.349612295627594,"y":0.40258359909057619,"z":-0.32303744554519656},"rotation":{"x":0.2923608124256134,"y":-0.04273227974772453,"z":0.01307821087539196,"w":0.9552650451660156},"size":4.374363422393799,"orthographic":true}