{"cameraMode":{"drawMode":0,"name":"Shaded","section":"Shading Mode"},"sceneLighting":false,"audioPlay":false,"sceneViewState":{"m_AlwaysRefresh":false,"showFog":true,"showSkybox":false,"showFlares":true,"showImageEffects":true,"showParticleSystems":true,"showVisualEffectGraphs":true,"m_FxEnabled":true},"in2DMode":false,"pivot":{"x":-0.050000011920928958,"y":0.550000011920929,"z":-0.050000011920928958},"rotation":{"x":0.09669620543718338,"y":-0.26538583636283877,"z":0.0267612524330616,"w":0.9589090943336487},"size":0.7399324774742127,"orthographic":false}