{"cameraMode":{"drawMode":0,"name":"Shaded","section":"Shading Mode"},"sceneLighting":false,"audioPlay":false,"sceneViewState":{"m_AlwaysRefresh":false,"showFog":true,"showSkybox":false,"showFlares":true,"showImageEffects":true,"showParticleSystems":true,"showVisualEffectGraphs":true,"m_FxEnabled":true},"in2DMode":false,"pivot":{"x":-0.03999999165534973,"y":0.4400000274181366,"z":-0.03999999165534973},"rotation":{"x":0.12254001945257187,"y":-0.049106013029813769,"z":0.006070503033697605,"w":0.9912304282188416},"size":2.991945743560791,"orthographic":false}