{"cameraMode":{"drawMode":0,"name":"Shaded","section":"Shading Mode"},"sceneLighting":false,"audioPlay":false,"sceneViewState":{"m_AlwaysRefresh":false,"showFog":true,"showSkybox":false,"showFlares":true,"showImageEffects":true,"showParticleSystems":true,"showVisualEffectGraphs":true,"m_FxEnabled":true},"in2DMode":false,"pivot":{"x":0.09096083045005799,"y":1.0748860836029053,"z":-0.7498277425765991},"rotation":{"x":0.052452292293310168,"y":-0.029954256489872934,"z":0.0015740469098091126,"w":0.9981732368469238},"size":1.7465475797653199,"orthographic":true}