{"cameraMode":{"drawMode":0,"name":"Shaded","section":"Shading Mode"},"sceneLighting":false,"audioPlay":false,"sceneViewState":{"m_AlwaysRefresh":false,"showFog":true,"showSkybox":false,"showFlares":true,"showImageEffects":true,"showParticleSystems":true,"showVisualEffectGraphs":true,"m_FxEnabled":true},"in2DMode":false,"pivot":{"x":0.08338239789009094,"y":1.6551117897033692,"z":-0.5060552358627319},"rotation":{"x":0.2355884462594986,"y":-0.07252250611782074,"z":0.017628313973546029,"w":0.9689884781837463},"size":1.4070513248443604,"orthographic":true}